District,Filing Quarter,At least 1 prior violent conviction,No prior violent convictions,Total,Percent of defendants with prior violent conviction,Percent of defendants with no prior violent convictions
23,2024,34,232,266,12.78195489,87.21804511
23,2021,25,170,195,12.82051282,87.17948718
23,2022,18,167,185,9.72972973,90.27027027
23,2025,26,206,232,11.20689655,88.79310345
23,2019,24,181,205,11.70731707,88.29268293
23,2020,22,180,202,10.89108911,89.10891089
23,2023,27,197,224,12.05357143,87.94642857
23,2017,15,176,191,7.85340314,92.14659686
23,2018,22,165,187,11.76470588,88.23529412
