Metric,Felony,Misdemeanor
Cases Resolved 2025,1420.0,9569.0
Change since 2024,2.15827338,3.42628621
,,
Cases Resolved Quarter 4 2025,292.0,2272.0
Change since Quarter 4 2024,-9.31677019,2.02065559
