Disposition Year,Black No Pretrial,Black Pretrial,Black Total Cases,Hispanic No Pretrial,Hispanic Pretrial,Hispanic Total Cases,White No Pretrial,White Pretrial,White Total Cases,Percent of Black defendants detained pretrial,Percent of Hispanic defendants detained pretrial,Percent of White defendants detained pretrial
2020,66,46,112,191,156,347,1125,678,1803,41.07142857,44.95677233,37.60399334
2021,40,26,66,304,179,483,1524,804,2328,39.39393939,37.06004141,34.53608247
2022,49,36,85,297,214,511,1689,1082,2771,42.35294118,41.87866928,39.04727535
2023,65,50,115,306,197,503,1586,957,2543,43.47826087,39.16500994,37.63271726
2024,49,45,94,230,171,401,1371,716,2087,47.87234043,42.64339152,34.30761859
2025,63,33,96,316,136,452,1734,754,2488,34.375,30.08849558,30.30546624
