Disposition Year,Native American Incarceration,Native American No Incarceration,Native American Total,Hispanic Incarceration,Hispanic No Incarceration,Hispanic Total,White Incarceration,White No Incarceration,White Total,Percent of Native American defendants incarcerated,Percent of Hispanic defendants incarcerated,Percent of White defendants incarcerated
2020,1,8,9,163,136,299,451,412,863,11.11111111,54.51505017,52.25955968
2021,5,3,8,142,110,252,439,375,814,62.5,56.34920635,53.93120393
2022,3,2,5,156,79,235,411,263,674,60.0,66.38297872,60.97922849
2023,2,1,3,169,107,276,389,231,620,66.66666667,61.23188406,62.74193548
2024,5,2,7,169,106,275,329,231,560,71.42857143,61.45454545,58.75
2025,4,0,4,162,120,282,343,293,636,100.0,57.44680851,53.93081761
