Disposition Year,Black No Pretrial,Black Pretrial,Black Total Cases,Hispanic No Pretrial,Hispanic Pretrial,Hispanic Total Cases,White No Pretrial,White Pretrial,White Total Cases,Percent of Black defendants detained pretrial,Percent of Hispanic defendants detained pretrial,Percent of White defendants detained pretrial
2020,138,72,210,751,280,1031,2417,827,3244,34.28571429,27.15809893,25.49321825
2021,129,91,220,743,333,1076,2424,982,3406,41.36363636,30.94795539,28.83147387
2022,133,83,216,647,384,1031,2106,1032,3138,38.42592593,37.24539282,32.88718929
2023,140,83,223,685,384,1069,1960,983,2943,37.21973094,35.92142189,33.4012912
2024,137,75,212,772,377,1149,2107,842,2949,35.37735849,32.81114012,28.55205154
2025,141,97,238,754,423,1177,2118,946,3064,40.75630252,35.93882753,30.87467363
