Disposition Year,Non-White Victim Cases Dismissed,Non-White Victim Cases Not Dismissed,Non-White Victim Total Cases,White Victim Cases Dismissed,White Victim Cases Not Dismissed,White Victim Cases Total,Percent of cases dismissed involving non-white victims,Percent of cases dismissed involving white victims
2020,49,141,190,104,305,409,25.78947368,25.42787286
2021,133,251,384,206,308,514,34.63541667,40.07782101
2022,136,340,476,153,338,491,28.57142857,31.16089613
2023,75,264,339,91,307,398,22.12389381,22.86432161
2024,103,328,431,110,259,369,23.89791183,29.8102981
2025,142,373,515,99,357,456,27.57281553,21.71052632
