District,Filing Quarter,At least 1 prior violent conviction,No prior violent convictions,Total,Percent of defendants with prior violent conviction,Percent of defendants with no prior violent convictions
05,2024,9,122,131,6.87022901,93.12977099
05,2021,15,145,160,9.375,90.625
05,2022,11,119,130,8.46153846,91.53846154
05,2025,8,126,134,5.97014925,94.02985075
05,2019,6,110,116,5.17241379,94.82758621
05,2020,9,141,150,6.0,94.0
05,2023,14,127,141,9.92907801,90.07092199
05,2017,9,132,141,6.38297872,93.61702128
05,2018,9,129,138,6.52173913,93.47826087
