Disposition Year,Non-White Victim Cases Dismissed,Non-White Victim Cases Not Dismissed,Non-White Victim Total Cases,White Victim Cases Dismissed,White Victim Cases Not Dismissed,White Victim Cases Total,Percent of cases dismissed involving non-white victims,Percent of cases dismissed involving white victims
2020,436,3567,4003,335,1807,2142,10.89183113,15.63958917
2021,819,5242,6061,466,2200,2666,13.51262168,17.47936984
2022,825,5366,6191,622,2779,3401,13.32579551,18.28873861
2023,865,5330,6195,633,2486,3119,13.96287328,20.29496634
2024,908,5537,6445,736,2471,3207,14.08844065,22.94979732
2025,1013,5098,6111,763,2461,3224,16.57666503,23.6662531
