Disposition Year,Non-White Victim Cases Dismissed,Non-White Victim Cases Not Dismissed,Non-White Victim Total Cases,White Victim Cases Dismissed,White Victim Cases Not Dismissed,White Victim Cases Total,Percent of cases dismissed involving non-white victims,Percent of cases dismissed involving white victims
2020,83,385,468,98,528,626,17.73504274,15.65495208
2021,99,460,559,141,621,762,17.71019678,18.50393701
2022,76,470,546,141,715,856,13.91941392,16.47196262
2023,94,512,606,148,601,749,15.51155116,19.75967957
2024,79,529,608,102,531,633,12.99342105,16.11374408
2025,120,579,699,102,477,579,17.16738197,17.61658031
