Disposition Year,Native American Incarceration,Native American No Incarceration,Native American Total,Hispanic Incarceration,Hispanic No Incarceration,Hispanic Total,White Incarceration,White No Incarceration,White Total,Percent of Native American defendants incarcerated,Percent of Hispanic defendants incarcerated,Percent of White defendants incarcerated
2020,9,4,13,296,215,511,445,373,818,69.23076923,57.92563601,54.400978
2021,10,0,10,353,258,611,542,449,991,100.0,57.77414075,54.69223007
2022,8,7,15,441,325,766,664,473,1137,53.33333333,57.57180157,58.39929639
2023,7,9,16,443,333,776,612,451,1063,43.75,57.08762887,57.57290687
2024,4,1,5,460,405,865,498,430,928,80.0,53.17919075,53.6637931
2025,5,6,11,458,389,847,447,443,890,45.45454545,54.07319953,50.2247191
