Disposition Year,Private Attorney Incarceration,Private Attorney No Incarceration,Private Attorney Total Cases,Public Defender Incarceration,Public Defender No Incarceration,Public Defender Total Cases,Percent of cases with a private attorney incarcerated,Percent of cases with a public defender incarcerated
2020,450,362,812,447,367,814,55.41871921,54.91400491
2021,543,409,952,642,520,1162,57.03781513,55.24956971
2022,556,383,939,893,727,1620,59.21192758,55.12345679
2023,464,326,790,917,812,1729,58.73417722,53.03643725
2024,455,361,816,861,819,1680,55.75980392,51.25
2025,457,337,794,790,813,1603,57.55667506,49.28259513
