Disposition Year,Black No Pretrial,Black Pretrial,Black Total Cases,Hispanic No Pretrial,Hispanic Pretrial,Hispanic Total Cases,White No Pretrial,White Pretrial,White Total Cases,Percent of Black defendants detained pretrial,Percent of Hispanic defendants detained pretrial,Percent of White defendants detained pretrial
2020,1137,78,1215,1277,91,1368,2352,160,2512,6.41975309,6.65204678,6.36942675
2021,1273,289,1562,1462,274,1736,2496,394,2890,18.50192061,15.78341014,13.63321799
2022,1013,462,1475,1054,520,1574,1931,787,2718,31.3220339,33.03684879,28.95511405
2023,1021,440,1461,1180,442,1622,1993,706,2699,30.11635866,27.25030826,26.15783624
2024,1173,418,1591,1380,512,1892,2045,586,2631,26.27278441,27.06131078,22.27290004
2025,1173,438,1611,1337,542,1879,2243,554,2797,27.18808194,28.84513039,19.806936
