Metric,Fine/ Comm. Serv/ Fee,Credit for time served,Probation,Probation plus Jail,Jail,Comm. Corr.,Youth Corr.,Prison
Sentences in 2025,1342.0,217.0,3145.0,1076.0,1399.0,210.0,59.0,881.0
Change since 2024,-17.81996326,9.5959596,3.82964675,14.95726496,10.94369548,-3.22580645,-1.66666667,-3.18681319
