District,Filing Year,White Victim,NonWhite Victim,Total,Percent involving a white victim,Percent involving a non-white victim
06,2020,52,35,87,59.77011494,40.22988506
06,2021,61,44,105,58.0952381,41.9047619
06,2022,44,32,77,57.14285714,41.55844156
06,2023,73,50,123,59.3495935,40.6504065
06,2024,67,50,118,56.77966102,42.37288136
06,2025,53,52,105,50.47619048,49.52380952
