Disposition Year,Black No Pretrial,Black Pretrial,Black Total Cases,Hispanic No Pretrial,Hispanic Pretrial,Hispanic Total Cases,White No Pretrial,White Pretrial,White Total Cases,Percent of Black defendants detained pretrial,Percent of Hispanic defendants detained pretrial,Percent of White defendants detained pretrial
2020,10,10,20,151,93,244,638,258,896,50.0,38.1147541,28.79464286
2021,21,4,25,163,66,229,602,287,889,16.0,28.8209607,32.28346457
2022,14,8,22,234,120,354,603,279,882,36.36363636,33.89830508,31.63265306
2023,22,10,32,243,94,337,530,217,747,31.25,27.89317507,29.04953146
2024,23,9,32,239,95,334,546,226,772,28.125,28.44311377,29.2746114
2025,7,7,14,236,109,345,640,204,844,50.0,31.5942029,24.17061611
