Referral Year,Felony Referrals Filed,Felony Referrals Not Filed,Total Felony Referrals,Felony Cases Acquitted,Felony Cases Deferred,Felony Cases Dismissed,Felony Cases Found Guilty,Felony Cases Plea Dismissal,Felony Cases Plead Guilty,Total Felony Cases Disposed,Percent of felony referrals declined,Percent of felony cases dismissed after filing
2017,3426,363,3789,16,377,312,82,158,2616,3561,9.58036421,8.76158382
2018,3670,363,4033,19,480,314,89,173,2520,3595,9.00074386,8.73435327
2019,3855,346,4201,17,527,303,113,161,2874,3995,8.23613425,7.5844806
2020,3040,324,3364,6,375,296,36,114,1929,2756,9.6313912,10.74020319
2021,2735,326,3061,16,378,337,57,138,1945,2871,10.65011434,11.73807036
2022,2745,322,3067,15,401,364,78,161,2064,3083,10.49885882,11.8066818
2023,2821,340,3161,21,389,399,80,147,2045,3081,10.75608984,12.9503408
2024,3021,349,3370,34,469,360,74,118,1982,3037,10.35608309,11.8538031
2025,3245,355,3600,27,465,428,49,126,2108,3203,9.86111111,13.36247268
