Referral Year,Black Felony Referrals Filed,Black Felony Referrals Not Filed,Black Total Felony Referrals,Hispanic Felony Referrals Filed,Hispanic Felony Referrals Not Filed,Hispanic Total Felony Referrals,White Felony Referrals Filed,White Felony Referrals Not Filed,White Total Felony Referrals,Percent of cases involving Black defendants declined,Percent of cases involving Hispanic defendants declined,Percent of cases involving White defendants declined
2020,875,95,970,672,63,735,1380,147,1527,9.79381443,8.57142857,9.62671906
2021,802,103,905,630,74,704,1203,141,1344,11.38121547,10.51136364,10.49107143
2022,854,92,946,678,77,755,1128,134,1262,9.72515856,10.1986755,10.61806656
2023,762,110,872,782,60,842,1200,151,1351,12.6146789,7.12589074,11.176906
2024,821,101,922,876,91,967,1242,139,1381,10.95444685,9.41054809,10.06517017
2025,892,107,999,905,94,999,1345,139,1484,10.71071071,9.40940941,9.36657682
