Referral Year,Black Felony Referrals Filed,Black Felony Referrals Not Filed,Black Total Felony Referrals,Hispanic Felony Referrals Filed,Hispanic Felony Referrals Not Filed,Hispanic Total Felony Referrals,White Felony Referrals Filed,White Felony Referrals Not Filed,White Total Felony Referrals,Percent of cases involving Black defendants declined,Percent of cases involving Hispanic defendants declined,Percent of cases involving White defendants declined
2020,357,27,384,920,71,991,2672,213,2885,7.03125,7.16448032,7.3830156
2021,310,45,355,820,132,952,2167,330,2497,12.67605634,13.86554622,13.21585903
2022,321,48,369,906,136,1042,2164,266,2430,13.00813008,13.05182342,10.94650206
2023,318,30,348,866,95,961,1908,237,2145,8.62068966,9.8855359,11.04895105
2024,287,28,315,846,102,948,1830,211,2041,8.88888889,10.75949367,10.33806957
2025,324,33,357,897,98,995,1670,188,1858,9.24369748,9.84924623,10.11840689
