Disposition Year,Black No Pretrial,Black Pretrial,Black Total Cases,Hispanic No Pretrial,Hispanic Pretrial,Hispanic Total Cases,White No Pretrial,White Pretrial,White Total Cases,Percent of Black defendants detained pretrial,Percent of Hispanic defendants detained pretrial,Percent of White defendants detained pretrial
2020,108,32,140,424,151,575,1195,410,1605,22.85714286,26.26086957,25.54517134
2021,88,65,153,466,182,648,1218,549,1767,42.48366013,28.08641975,31.06960951
2022,104,68,172,514,267,781,1205,683,1888,39.53488372,34.18693982,36.17584746
2023,113,67,180,645,222,867,1270,674,1944,37.22222222,25.60553633,34.67078189
2024,123,80,203,747,297,1044,1409,640,2049,39.408867,28.44827586,31.23474866
2025,123,59,182,761,307,1068,1284,641,1925,32.41758242,28.74531835,33.2987013
