Disposition Year,Private Attorney Incarceration,Private Attorney No Incarceration,Private Attorney Total Cases,Public Defender Incarceration,Public Defender No Incarceration,Public Defender Total Cases,Percent of cases with a private attorney incarcerated,Percent of cases with a public defender incarcerated
2020,162,116,278,93,69,162,58.27338129,57.40740741
2021,152,73,225,129,74,203,67.55555556,63.54679803
2022,151,64,215,107,77,184,70.23255814,58.15217391
2023,138,82,220,128,96,224,62.72727273,57.14285714
2024,153,80,233,142,105,247,65.66523605,57.48987854
2025,160,59,219,166,93,259,73.05936073,64.09266409
