Referral Year,Filed,Declined,Total Felony Referrals,Percent Declined
2020,698,51,749,6.80907877
2021,677,34,711,4.78199719
2022,531,76,607,12.52059308
2023,528,89,617,14.42463533
2024,574,46,620,7.41935484
2025,488,71,559,12.70125224
