District,Metric,Felony,Misdemeanor
06,Cases Resolved 2025,464.0,2422.0
06,Change since 2024,1.97802198,-0.77836952
06,,,
06,Cases Resolved Quarter 4 2025,110.0,648.0
06,Change since Quarter 4 2024,-13.38582677,9.83050847
