District,Filing Quarter,At least 1 prior violent conviction,No prior violent convictions,Total,Percent of defendants with prior violent conviction,Percent of defendants with no prior violent convictions
06,2017,5,85,90,5.55555556,94.44444444
06,2018,8,104,112,7.14285714,92.85714286
06,2019,7,64,71,9.85915493,90.14084507
06,2020,12,75,87,13.79310345,86.20689655
06,2021,13,92,105,12.38095238,87.61904762
06,2022,15,62,77,19.48051948,80.51948052
06,2023,16,107,123,13.00813008,86.99186992
06,2024,15,103,118,12.71186441,87.28813559
06,2025,14,91,105,13.33333333,86.66666667
