Referral Year,Black Felony Referrals Filed,Black Felony Referrals Not Filed,Black Total Felony Referrals,Hispanic Felony Referrals Filed,Hispanic Felony Referrals Not Filed,Hispanic Total Felony Referrals,White Felony Referrals Filed,White Felony Referrals Not Filed,White Total Felony Referrals,Percent of cases involving Black defendants declined,Percent of cases involving Hispanic defendants declined,Percent of cases involving White defendants declined
2020,1514,376,1890,1381,358,1739,2573,581,3154,19.89417989,20.58654399,18.42105263
2021,1621,401,2022,1412,342,1754,2455,644,3099,19.83184965,19.49828962,20.78089706
2022,1406,519,1925,1304,403,1707,2151,746,2897,26.96103896,23.60867018,25.75077667
2023,1621,523,2144,1509,433,1942,2271,770,3041,24.39365672,22.29660144,25.32061822
2024,1634,567,2201,1898,415,2313,2233,842,3075,25.76101772,17.94206658,27.38211382
2025,1584,554,2138,1339,395,1734,2213,787,3000,25.91206735,22.77970012,26.23333333
