Disposition Year,Native American Incarceration,Native American No Incarceration,Native American Total,Hispanic Incarceration,Hispanic No Incarceration,Hispanic Total,White Incarceration,White No Incarceration,White Total,Percent of Native American defendants incarcerated,Percent of Hispanic defendants incarcerated,Percent of White defendants incarcerated
2020,2,2,4,248,156,404,369,292,661,50.0,61.38613861,55.82450832
2021,2,2,4,349,202,551,430,281,711,50.0,63.33938294,60.47819972
2022,1,2,3,378,248,626,454,389,843,33.33333333,60.38338658,53.85527877
2023,1,1,2,384,305,689,478,434,912,50.0,55.7329463,52.4122807
2024,5,6,11,357,334,691,398,396,794,45.45454545,51.6642547,50.12594458
2025,3,3,6,361,264,625,355,337,692,50.0,57.76,51.30057803
