Disposition Year,Private Attorney Incarceration,Private Attorney No Incarceration,Private Attorney Total Cases,Public Defender Incarceration,Public Defender No Incarceration,Public Defender Total Cases,Percent of cases with a private attorney incarcerated,Percent of cases with a public defender incarcerated
2020,363,246,609,300,247,547,59.60591133,54.84460695
2021,441,234,675,406,302,708,65.33333333,57.34463277
2022,400,238,638,499,449,948,62.69592476,52.6371308
2023,359,229,588,579,557,1136,61.05442177,50.96830986
2024,302,235,537,555,577,1132,56.23836127,49.02826855
2025,325,198,523,492,475,967,62.1414914,50.87900724
