Disposition Year,Black No Pretrial,Black Pretrial,Black Total Cases,Hispanic No Pretrial,Hispanic Pretrial,Hispanic Total Cases,White No Pretrial,White Pretrial,White Total Cases,Percent of Black defendants detained pretrial,Percent of Hispanic defendants detained pretrial,Percent of White defendants detained pretrial
2020,247,183,430,1040,599,1639,2034,983,3017,42.55813953,36.5466748,32.58203513
2021,341,258,599,1419,862,2281,2323,1211,3534,43.07178631,37.79044279,34.26711941
2022,347,320,667,1516,1147,2663,2673,1638,4311,47.97601199,43.07172362,37.99582463
2023,337,340,677,1653,1060,2713,2670,1500,4170,50.22156573,39.07113896,35.97122302
2024,403,304,707,1808,1060,2868,2574,1368,3942,42.99858557,36.9595537,34.70319635
2025,368,337,705,1591,1074,2665,2267,1305,3572,47.80141844,40.30018762,36.53415454
