District,Filing Quarter,At least 1 prior violent conviction,No prior violent convictions,Total,Percent of defendants with prior violent conviction,Percent of defendants with no prior violent convictions
01,2024,112,604,716,15.6424581,84.3575419
01,2021,144,568,712,20.2247191,79.7752809
01,2022,130,624,754,17.24137931,82.75862069
01,2025,166,560,726,22.86501377,77.13498623
01,2019,107,638,745,14.36241611,85.63758389
01,2020,123,668,791,15.54993679,84.45006321
01,2023,109,538,647,16.84698609,83.15301391
01,2017,72,617,689,10.44992743,89.55007257
01,2018,97,712,809,11.99011125,88.00988875
