Metric,Felony,Misdemeanor
Cases Resolved 2025,1978.0,6792.0
Change since 2024,-8.46830171,6.32435817
,,
Cases Resolved Quarter 4 2025,462.0,1603.0
Change since Quarter 4 2024,-14.28571429,-4.35560859
