Referral Year,Black Felony Referrals Filed,Black Felony Referrals Not Filed,Black Total Felony Referrals,Hispanic Felony Referrals Filed,Hispanic Felony Referrals Not Filed,Hispanic Total Felony Referrals,White Felony Referrals Filed,White Felony Referrals Not Filed,White Total Felony Referrals,Percent of cases involving Black defendants declined,Percent of cases involving Hispanic defendants declined,Percent of cases involving White defendants declined
2020,144,19,163,249,34,283,896,144,1040,11.65644172,12.01413428,13.84615385
2021,165,29,194,245,28,273,829,146,975,14.94845361,10.25641026,14.97435897
2022,160,29,189,263,42,305,821,176,997,15.34391534,13.7704918,17.65295888
2023,193,30,223,280,47,327,898,182,1080,13.4529148,14.37308869,16.85185185
2024,183,16,199,349,30,379,889,152,1041,8.04020101,7.91556728,14.60134486
2025,142,28,170,268,41,309,869,125,994,16.47058824,13.26860841,12.57545272
