District,Filing Quarter,At least 1 prior violent conviction,No prior violent convictions,Total,Percent of defendants with prior violent conviction,Percent of defendants with no prior violent convictions
19,2024,83,401,484,17.14876033,82.85123967
19,2021,68,368,436,15.59633028,84.40366972
19,2022,83,350,433,19.16859122,80.83140878
19,2025,105,421,526,19.96197719,80.03802281
19,2019,55,342,397,13.85390428,86.14609572
19,2020,94,390,484,19.4214876,80.5785124
19,2023,75,445,520,14.42307692,85.57692308
19,2017,46,389,435,10.57471264,89.42528736
19,2018,58,364,422,13.74407583,86.25592417
