Disposition Year,Black No Pretrial,Black Pretrial,Black Total Cases,Hispanic No Pretrial,Hispanic Pretrial,Hispanic Total Cases,White No Pretrial,White Pretrial,White Total Cases,Percent of Black defendants detained pretrial,Percent of Hispanic defendants detained pretrial,Percent of White defendants detained pretrial
2020,10,5,15,206,79,285,166,73,239,33.33333333,27.71929825,30.54393305
2021,4,3,7,189,132,321,115,62,177,42.85714286,41.12149533,35.02824859
2022,5,7,12,183,164,347,149,81,230,58.33333333,47.26224784,35.2173913
2023,6,2,8,157,127,284,121,84,205,25.0,44.71830986,40.97560976
2024,3,3,6,142,122,264,115,87,202,50.0,46.21212121,43.06930693
2025,8,2,10,246,184,430,207,113,320,20.0,42.79069767,35.3125
