Metric,Felony,Misdemeanor
Cases Resolved 2025,2128.0,9221.0
Change since 2024,3.50194553,10.93599615
,,
Cases Resolved Quarter 4 2025,504.0,2350.0
Change since Quarter 4 2024,-4.54545455,20.08175779
