Referral Year,Filed,Declined,Total Felony Referrals,Percent Declined
2017,1022,474,1496,31.68449198
2018,957,564,1521,37.08086785
2019,948,426,1374,31.00436681
2020,995,316,1311,24.1037376
2021,909,286,1195,23.93305439
2022,760,249,1009,24.67789891
2023,669,208,877,23.71721779
2024,721,219,940,23.29787234
2025,677,120,797,15.05646173
