Referral Year,Filed,Declined,Total Felony Referrals,Percent Declined
2020,995,316,1311,24.1037376
2021,909,286,1195,23.93305439
2022,760,249,1009,24.67789891
2023,669,208,877,23.71721779
2024,721,218,939,23.21618743
2025,677,117,794,14.73551637
