Referral Year,Black Felony Referrals Filed,Black Felony Referrals Not Filed,Black Total Felony Referrals,Hispanic Felony Referrals Filed,Hispanic Felony Referrals Not Filed,Hispanic Total Felony Referrals,White Felony Referrals Filed,White Felony Referrals Not Filed,White Total Felony Referrals,Percent of cases involving Black defendants declined,Percent of cases involving Hispanic defendants declined,Percent of cases involving White defendants declined
2020,152,9,161,625,58,683,1746,141,1887,5.59006211,8.49194729,7.47217806
2021,109,13,122,486,32,518,1518,104,1622,10.6557377,6.17760618,6.41183724
2022,121,11,132,559,53,612,1399,104,1503,8.33333333,8.66013072,6.91949434
2023,115,6,121,565,29,594,1425,91,1516,4.95867769,4.88215488,6.00263852
2024,135,11,146,564,36,600,1476,101,1577,7.53424658,6.0,6.40456563
2025,148,9,157,564,35,599,1385,68,1453,5.73248408,5.84307179,4.67997247
