District,Referral Year,Filed,Declined,Total Felony Referrals,Percent Declined
22,2024,260,3,263,1.14068441
22,2021,385,51,436,11.69724771
22,2022,320,25,345,7.24637681
22,2025,231,5,236,2.11864407
22,2019,394,82,476,17.22689076
22,2020,359,93,452,20.57522124
22,2023,323,9,332,2.71084337
22,2017,369,62,431,14.38515081
22,2018,418,83,501,16.56686627
