District,Filing Quarter,At least 1 prior violent conviction,No prior violent convictions,Total,Percent of defendants with prior violent conviction,Percent of defendants with no prior violent convictions
08,2024,78,370,448,17.41071429,82.58928571
08,2021,57,312,369,15.44715447,84.55284553
08,2022,73,329,402,18.15920398,81.84079602
08,2025,74,361,435,17.01149425,82.98850575
08,2019,38,287,325,11.69230769,88.30769231
08,2020,65,306,371,17.52021563,82.47978437
08,2023,68,409,477,14.2557652,85.7442348
08,2017,21,319,340,6.17647059,93.82352941
08,2018,34,277,311,10.93247588,89.06752412
