District,Filing Quarter,At least 1 prior violent conviction,No prior violent convictions,Total,Percent of defendants with prior violent conviction,Percent of defendants with no prior violent convictions
11,2024,55,150,205,26.82926829,73.17073171
11,2021,65,167,232,28.01724138,71.98275862
11,2022,41,136,177,23.16384181,76.83615819
11,2025,40,104,144,27.77777778,72.22222222
11,2019,41,130,171,23.97660819,76.02339181
11,2020,62,153,215,28.8372093,71.1627907
11,2023,53,117,170,31.17647059,68.82352941
11,2017,48,137,185,25.94594595,74.05405405
11,2018,47,127,174,27.01149425,72.98850575
