Disposition Year,Private Attorney Incarceration,Private Attorney No Incarceration,Private Attorney Total Cases,Public Defender Incarceration,Public Defender No Incarceration,Public Defender Total Cases,Percent of cases with a private attorney incarcerated,Percent of cases with a public defender incarcerated
2020,270,243,513,427,338,765,52.63157895,55.81699346
2021,314,210,524,577,422,999,59.92366412,57.75775776
2022,292,193,485,603,449,1052,60.20618557,57.31939163
2023,229,159,388,517,401,918,59.02061856,56.31808279
2024,202,135,337,484,379,863,59.94065282,56.0834299
2025,180,146,326,407,346,753,55.21472393,54.05046481
