Disposition Year,Native American Incarceration,Native American No Incarceration,Native American Total,Hispanic Incarceration,Hispanic No Incarceration,Hispanic Total,White Incarceration,White No Incarceration,White Total,Percent of Native American defendants incarcerated,Percent of Hispanic defendants incarcerated,Percent of White defendants incarcerated
2020,5,2,7,219,145,364,436,403,839,71.42857143,60.16483516,51.96662694
2021,4,2,6,236,162,398,583,440,1023,66.66666667,59.29648241,56.98924731
2022,6,4,10,274,184,458,519,419,938,60.0,59.82532751,55.33049041
2023,4,5,9,246,180,426,434,339,773,44.44444444,57.74647887,56.14489004
2024,4,1,5,213,176,389,386,279,665,80.0,54.75578406,58.04511278
2025,5,3,8,184,174,358,333,274,607,62.5,51.39664804,54.85996705
