Disposition Year,Black No Pretrial,Black Pretrial,Black Total Cases,Hispanic No Pretrial,Hispanic Pretrial,Hispanic Total Cases,White No Pretrial,White Pretrial,White Total Cases,Percent of Black defendants detained pretrial,Percent of Hispanic defendants detained pretrial,Percent of White defendants detained pretrial
2020,291,113,404,951,385,1336,2833,898,3731,27.97029703,28.81736527,24.06861431
2021,278,218,496,1001,562,1563,2948,1259,4207,43.9516129,35.95649392,29.92631329
2022,264,233,497,1031,671,1702,2665,1368,4033,46.88128773,39.42420682,33.92015869
2023,278,236,514,983,691,1674,2270,1237,3507,45.91439689,41.27837515,35.27231252
2024,310,231,541,1114,729,1843,2306,1237,3543,42.6987061,39.55507325,34.91391476
2025,281,235,516,996,695,1691,2264,1239,3503,45.54263566,41.09994086,35.36968313
