Disposition Year,Black No Pretrial,Black Pretrial,Black Total Cases,Hispanic No Pretrial,Hispanic Pretrial,Hispanic Total Cases,White No Pretrial,White Pretrial,White Total Cases,Percent of Black defendants detained pretrial,Percent of Hispanic defendants detained pretrial,Percent of White defendants detained pretrial
2020,291,113,404,951,386,1337,2833,897,3730,27.97029703,28.87060583,24.04825737
2021,278,217,495,1001,561,1562,2948,1261,4209,43.83838384,35.91549296,29.95961036
2022,264,233,497,1030,671,1701,2666,1369,4035,46.88128773,39.44738389,33.92812887
2023,279,236,515,982,691,1673,2270,1236,3506,45.82524272,41.30304842,35.25385054
2024,307,231,538,1114,727,1841,2308,1237,3545,42.93680297,39.48940793,34.89421721
2025,281,235,516,996,693,1689,2264,1241,3505,45.54263566,41.03019538,35.40656205
