Referral Year,Black Felony Referrals Filed,Black Felony Referrals Not Filed,Black Total Felony Referrals,Hispanic Felony Referrals Filed,Hispanic Felony Referrals Not Filed,Hispanic Total Felony Referrals,White Felony Referrals Filed,White Felony Referrals Not Filed,White Total Felony Referrals,Percent of cases involving Black defendants declined,Percent of cases involving Hispanic defendants declined,Percent of cases involving White defendants declined
2020,448,46,494,1447,140,1587,2492,250,2742,9.31174089,8.82167612,9.11743253
2021,470,81,551,1544,232,1776,2229,344,2573,14.70054446,13.06306306,13.36960746
2022,461,62,523,1407,195,1602,2100,272,2372,11.85468451,12.17228464,11.46711636
2023,477,53,530,1490,174,1664,2154,231,2385,10.0,10.45673077,9.68553459
2024,455,81,536,1586,260,1846,2009,334,2343,15.1119403,14.08450704,14.25522834
2025,454,102,556,1366,305,1671,1673,384,2057,18.34532374,18.25254339,18.66796305
