Disposition Year,Black No Pretrial,Black Pretrial,Black Total Cases,Hispanic No Pretrial,Hispanic Pretrial,Hispanic Total Cases,White No Pretrial,White Pretrial,White Total Cases,Percent of Black defendants detained pretrial,Percent of Hispanic defendants detained pretrial,Percent of White defendants detained pretrial
2020,594,329,923,529,247,776,1402,562,1964,35.64463705,31.82989691,28.61507128
2021,670,358,1028,563,329,892,1371,671,2042,34.82490272,36.88340807,32.85994123
2022,653,476,1129,598,388,986,1500,794,2294,42.16120461,39.35091278,34.61203139
2023,647,498,1145,612,399,1011,1406,809,2215,43.49344978,39.46587537,36.52370203
2024,617,495,1112,683,443,1126,1345,787,2132,44.51438849,39.34280639,36.91369606
2025,660,523,1183,721,473,1194,1371,911,2282,44.20963652,39.61474037,39.92112182
