District,Filing Quarter,At least 1 prior violent conviction,No prior violent convictions,Total,Percent of defendants with prior violent conviction,Percent of defendants with no prior violent convictions
02,2017,131,1265,1396,9.38395415,90.61604585
02,2018,146,1230,1376,10.61046512,89.38953488
02,2019,170,1222,1392,12.21264368,87.78735632
02,2020,194,1102,1296,14.9691358,85.0308642
02,2021,249,1096,1345,18.51301115,81.48698885
02,2022,224,1064,1288,17.39130435,82.60869565
02,2023,260,1240,1500,17.33333333,82.66666667
02,2024,291,1234,1525,19.08196721,80.91803279
02,2025,323,1259,1582,20.41719343,79.58280657
