Metric,Felony,Misdemeanor
Cases Resolved 2025,5893.0,7219.0
Change since 2024,-1.35587546,-0.3451132
,,
Cases Resolved Quarter 4 2025,1283.0,1693.0
Change since Quarter 4 2024,-12.72108844,-2.2517321
