Disposition Year,Native American Plea to Lesser Charge,Native American No Plea to Lesser Charge,Native American Total Guilty Pleas,Hispanic Plea to Lesser Charge,Hispanic No Plea to Lesser Charge,Hispanic Total Guilty Pleas,Black Plea to Lesser Charge,Black No Plea to Lesser Charge,Black Total Guilty Pleas,White Plea to Lesser Charge,White No Plea to Lesser Charge,White Total Guilty Pleas,Percent of Native American defendants pleading to a lesser charge,Percent of Hispanic defendants pleading to a lesser charge,Percent of Black defendants pleading to a lesser charge,Percent of White defendants pleading to a lesser charge
2020,11,13,24,369,509,878,408,471,879,810,816,1626,45.83333333,42.02733485,46.41638225,49.81549815
2021,14,10,24,425,610,1035,431,657,1088,710,988,1698,58.33333333,41.06280193,39.61397059,41.8138987
2022,12,15,27,386,763,1149,432,717,1149,649,1137,1786,44.44444444,33.59442994,37.59791123,36.33818589
2023,10,16,26,332,776,1108,341,745,1086,587,1063,1650,38.46153846,29.96389892,31.39963168,35.57575758
2024,8,5,13,403,863,1266,324,767,1091,547,925,1472,61.53846154,31.83254344,29.69752521,37.16032609
2025,10,11,21,413,846,1259,396,704,1100,585,889,1474,47.61904762,32.80381255,36.0,39.68792402
