District,Filing Quarter,At least 1 prior violent conviction,No prior violent convictions,Total,Percent of defendants with prior violent conviction,Percent of defendants with no prior violent convictions
07,2017,4,98,102,3.92156863,96.07843137
07,2018,9,112,121,7.43801653,92.56198347
07,2019,14,131,145,9.65517241,90.34482759
07,2020,25,115,140,17.85714286,82.14285714
07,2021,24,143,167,14.37125749,85.62874251
07,2022,23,126,149,15.43624161,84.56375839
07,2023,26,97,123,21.13821138,78.86178862
07,2024,24,116,140,17.14285714,82.85714286
07,2025,17,106,123,13.82113821,86.17886179
