Metric,Felony,Misdemeanor
Cases Resolved 2025,2981.0,14216.0
Change since 2024,-6.25786164,-11.87701463
,,
Cases Resolved Quarter 4 2025,653.0,3346.0
Change since Quarter 4 2024,-15.41450777,-19.1592172
