Metric,Felony,Misdemeanor
Cases Resolved 2025,2979.0,14216.0
Change since 2024,-6.32075472,-11.87155167
,,
Cases Resolved Quarter 4 2025,652.0,3346.0
Change since Quarter 4 2024,-15.54404145,-19.13968101
