Filing Year,White Victim,NonWhite Victim,Total,Percent involving a white victim,Percent involving a non-white victim
2020,94,45,140,67.14285714,32.14285714
2021,95,72,167,56.88622754,43.11377246
2022,95,52,149,63.75838926,34.89932886
2023,73,49,123,59.3495935,39.83739837
2024,95,44,140,67.85714286,31.42857143
2025,74,48,123,60.16260163,39.02439024
