Referral Year,Black Felony Referrals Filed,Black Felony Referrals Not Filed,Black Total Felony Referrals,Hispanic Felony Referrals Filed,Hispanic Felony Referrals Not Filed,Hispanic Total Felony Referrals,White Felony Referrals Filed,White Felony Referrals Not Filed,White Total Felony Referrals,Percent of cases involving Black defendants declined,Percent of cases involving Hispanic defendants declined,Percent of cases involving White defendants declined
2020,134,10,144,775,93,868,1366,251,1617,6.94444444,10.71428571,15.52257267
2021,84,8,92,918,101,1019,1389,201,1590,8.69565217,9.91167812,12.64150943
2022,94,7,101,722,95,817,1229,195,1424,6.93069307,11.62790698,13.69382022
2023,81,12,93,712,83,795,1133,188,1321,12.90322581,10.44025157,14.23164269
2024,110,9,119,777,93,870,1212,160,1372,7.56302521,10.68965517,11.66180758
2025,88,12,100,671,78,749,1202,197,1399,12.0,10.41388518,14.08148678
