Referral Year,Filed,Declined,Total Felony Referrals,Percent Declined
2017,2903,471,3374,13.95969176
2018,2947,445,3392,13.11910377
2019,3097,423,3520,12.01704545
2020,2304,357,2661,13.41600902
2021,2446,317,2763,11.47303655
2022,2075,311,2386,13.03436714
2023,1958,285,2243,12.70619706
2024,2133,263,2396,10.97662771
2025,1983,292,2275,12.83516484
