District,Filing Quarter,At least 1 prior violent conviction,No prior violent convictions,Total,Percent of defendants with prior violent conviction,Percent of defendants with no prior violent convictions
17,2024,159,775,934,17.0235546,82.9764454
17,2021,141,698,839,16.8057211,83.1942789
17,2022,112,659,771,14.52658885,85.47341115
17,2025,125,680,805,15.52795031,84.47204969
17,2019,91,694,785,11.59235669,88.40764331
17,2020,133,695,828,16.06280193,83.93719807
17,2023,150,746,896,16.74107143,83.25892857
17,2017,54,726,780,6.92307692,93.07692308
17,2018,79,737,816,9.68137255,90.31862745
