District,Filing Quarter,At least 1 prior violent conviction,No prior violent convictions,Total,Percent of defendants with prior violent conviction,Percent of defendants with no prior violent convictions
18,2017,51,609,660,7.72727273,92.27272727
18,2018,92,693,785,11.71974522,88.28025478
18,2019,93,712,805,11.55279503,88.44720497
18,2020,107,696,803,13.32503113,86.67496887
18,2021,143,688,831,17.20818291,82.79181709
18,2022,142,669,811,17.50924784,82.49075216
18,2023,123,717,840,14.64285714,85.35714286
18,2024,116,704,820,14.14634146,85.85365854
18,2025,138,736,874,15.78947368,84.21052632
