Metric,Felony,Misdemeanor
Cases Resolved 2025,517.0,1831.0
Change since 2024,26.40586797,60.05244755
,,
Cases Resolved Quarter 4 2025,127.0,388.0
Change since Quarter 4 2024,23.30097087,14.45427729
