Disposition Year,Non-White Victim Cases Dismissed,Non-White Victim Cases Not Dismissed,Non-White Victim Total Cases,White Victim Cases Dismissed,White Victim Cases Not Dismissed,White Victim Cases Total,Percent of cases dismissed involving non-white victims,Percent of cases dismissed involving white victims
2020,95,528,623,343,1222,1565,15.24879615,21.91693291
2021,198,781,979,464,1528,1992,20.2247191,23.29317269
2022,197,902,1099,455,1434,1889,17.92538672,24.08681842
2023,220,860,1080,464,1432,1896,20.37037037,24.47257384
2024,211,807,1018,527,1520,2047,20.72691552,25.74499267
2025,256,850,1106,535,1826,2361,23.14647378,22.65988988
