District,Filing Quarter,At least 1 prior violent conviction,No prior violent convictions,Total,Percent of defendants with prior violent conviction,Percent of defendants with no prior violent convictions
22,2017,2,48,50,4.0,96.0
22,2018,12,57,69,17.39130435,82.60869565
22,2019,7,71,78,8.97435897,91.02564103
22,2020,15,67,82,18.29268293,81.70731707
22,2021,10,63,73,13.69863014,86.30136986
22,2022,10,47,57,17.54385965,82.45614035
22,2023,23,67,90,25.55555556,74.44444444
22,2024,18,55,73,24.65753425,75.34246575
22,2025,11,64,75,14.66666667,85.33333333
