Referral Year,Felony Referrals Filed,Felony Referrals Not Filed,Total Felony Referrals,Felony Cases Acquitted,Felony Cases Deferred,Felony Cases Dismissed,Felony Cases Found Guilty,Felony Cases Plea Dismissal,Felony Cases Plead Guilty,Total Felony Cases Disposed,Percent of felony referrals declined,Percent of felony cases dismissed after filing
2017,940,369,1309,4,137,97,31,88,559,916,28.1894576,10.58951965
2018,1070,411,1481,5,135,133,18,112,550,953,27.75151924,13.95592865
2019,1163,331,1494,2,131,135,26,98,626,1018,22.15528782,13.26129666
2020,920,260,1180,3,103,115,26,74,509,830,22.03389831,13.85542169
2021,860,262,1122,4,116,122,21,59,541,863,23.35115865,14.13673233
2022,804,288,1092,5,97,87,16,77,499,781,26.37362637,11.13956466
2023,683,249,932,4,95,105,14,57,395,670,26.7167382,15.67164179
2024,730,204,934,3,117,127,10,47,352,656,21.84154176,19.3597561
2025,665,175,840,0,88,97,18,37,324,564,20.83333333,17.19858156
