Referral Year,Filed,Declined,Total Felony Referrals,Percent Declined
2017,940,369,1309,28.1894576
2018,1070,411,1481,27.75151924
2019,1163,331,1494,22.15528782
2020,920,260,1180,22.03389831
2021,860,262,1122,23.35115865
2022,804,288,1092,26.37362637
2023,683,249,932,26.7167382
2024,730,204,934,21.84154176
2025,665,175,840,20.83333333
