District,Filing Quarter,At least 1 prior violent conviction,No prior violent convictions,Total,Percent of defendants with prior violent conviction,Percent of defendants with no prior violent convictions
20,2017,31,301,332,9.3373494,90.6626506
20,2018,41,359,400,10.25,89.75
20,2019,40,259,299,13.37792642,86.62207358
20,2020,49,315,364,13.46153846,86.53846154
20,2021,62,320,382,16.23036649,83.76963351
20,2022,86,334,420,20.47619048,79.52380952
20,2023,77,346,423,18.20330969,81.79669031
20,2024,79,355,434,18.20276498,81.79723502
20,2025,78,340,418,18.66028708,81.33971292
