Metric,Felony,Misdemeanor
Cases Resolved 2025,3837.0,17649.0
Change since 2024,-8.5557674,44.91337548
,,
Cases Resolved Quarter 4 2025,817.0,4326.0
Change since Quarter 4 2024,-16.37666325,43.48258706
