Disposition Year,Native American Plea to Lesser Charge,Native American No Plea to Lesser Charge,Native American Total Guilty Pleas,Hispanic Plea to Lesser Charge,Hispanic No Plea to Lesser Charge,Hispanic Total Guilty Pleas,Black Plea to Lesser Charge,Black No Plea to Lesser Charge,Black Total Guilty Pleas,White Plea to Lesser Charge,White No Plea to Lesser Charge,White Total Guilty Pleas,Percent of Native American defendants pleading to a lesser charge,Percent of Hispanic defendants pleading to a lesser charge,Percent of Black defendants pleading to a lesser charge,Percent of White defendants pleading to a lesser charge
2020,6,4,10,407,404,811,140,113,253,777,659,1436,60.0,50.18495684,55.33596838,54.1086351
2021,4,4,8,551,550,1101,179,148,327,849,711,1560,50.0,50.04541326,54.74006116,54.42307692
2022,6,3,9,529,624,1153,143,165,308,828,839,1667,66.66666667,45.88031223,46.42857143,49.67006599
2023,10,2,12,506,686,1192,147,202,349,780,907,1687,83.33333333,42.44966443,42.12034384,46.23592175
2024,4,11,15,492,686,1178,146,211,357,693,791,1484,26.66666667,41.76570458,40.89635854,46.69811321
2025,3,6,9,450,622,1072,156,186,342,602,684,1286,33.33333333,41.97761194,45.61403509,46.8118196
