Metric,Felony,Misdemeanor
Cases Resolved 2025,3838.0,17656.0
Change since 2024,-8.57551215,44.94704868
,,
Cases Resolved Quarter 4 2025,817.0,4330.0
Change since Quarter 4 2024,-16.46216769,43.61525705
