Metric,Felony,Misdemeanor
Cases Resolved 2025,1661.0,7232.0
Change since 2024,-13.44450234,5.6691993
,,
Cases Resolved Quarter 4 2025,351.0,1552.0
Change since Quarter 4 2024,-17.0212766,-16.64876477
