Metric,Felony,Misdemeanor
Cases Resolved 2025,1661.0,7235.0
Change since 2024,-13.44450234,5.71303331
,,
Cases Resolved Quarter 4 2025,351.0,1554.0
Change since Quarter 4 2024,-17.0212766,-16.54135338
