Disposition Year,Private Attorney Incarceration,Private Attorney No Incarceration,Private Attorney Total Cases,Public Defender Incarceration,Public Defender No Incarceration,Public Defender Total Cases,Percent of cases with a private attorney incarcerated,Percent of cases with a public defender incarcerated
2020,97,78,175,116,84,200,55.42857143,58.0
2021,139,98,237,161,118,279,58.64978903,57.70609319
2022,166,62,228,274,104,378,72.80701754,72.48677249
2023,148,79,227,310,140,450,65.19823789,68.88888889
2024,138,88,226,277,145,422,61.0619469,65.63981043
2025,169,62,231,205,126,331,73.16017316,61.93353474
