Disposition Year,Black No Pretrial,Black Pretrial,Black Total Cases,Hispanic No Pretrial,Hispanic Pretrial,Hispanic Total Cases,White No Pretrial,White Pretrial,White Total Cases,Percent of Black defendants detained pretrial,Percent of Hispanic defendants detained pretrial,Percent of White defendants detained pretrial
2020,95,60,155,172,106,278,1015,363,1378,38.70967742,38.1294964,26.3425254
2021,148,83,231,269,134,403,1235,439,1674,35.93073593,33.25062035,26.22461171
2022,136,124,260,260,205,465,1197,639,1836,47.69230769,44.08602151,34.80392157
2023,137,139,276,280,200,480,1107,628,1735,50.36231884,41.66666667,36.19596542
2024,169,143,312,281,234,515,1151,565,1716,45.83333333,45.4368932,32.92540793
2025,146,182,328,333,297,630,1234,735,1969,55.48780488,47.14285714,37.32859319
