Disposition Year,Private Attorney Incarceration,Private Attorney No Incarceration,Private Attorney Total Cases,Public Defender Incarceration,Public Defender No Incarceration,Public Defender Total Cases,Percent of cases with a private attorney incarcerated,Percent of cases with a public defender incarcerated
2020,97,78,175,116,84,200,55.42857143,58.0
2021,138,98,236,161,118,279,58.47457627,57.70609319
2022,166,62,228,274,104,378,72.80701754,72.48677249
2023,148,79,227,311,140,451,65.19823789,68.9578714
2024,138,87,225,277,144,421,61.33333333,65.79572447
2025,169,61,230,205,126,331,73.47826087,61.93353474
