Metric,Fine/ Comm. Serv/ Fee,Credit for time served,Probation,Probation plus Jail,Jail,Comm. Corr.,Youth Corr.,Prison
Sentences in 2025,3847.0,704.0,1209.0,386.0,343.0,47.0,3.0,250.0
Change since 2024,-4.80079188,75.56109726,-4.50236967,37.36654804,38.86639676,-33.8028169,-82.35294118,-9.09090909
