Disposition Year,Non-White Victim Cases Dismissed,Non-White Victim Cases Not Dismissed,Non-White Victim Total Cases,White Victim Cases Dismissed,White Victim Cases Not Dismissed,White Victim Cases Total,Percent of cases dismissed involving non-white victims,Percent of cases dismissed involving white victims
2020,168,1462,1630,198,1232,1430,10.30674847,13.84615385
2021,153,1534,1687,340,1932,2272,9.06935388,14.96478873
2022,165,1295,1460,356,2197,2553,11.30136986,13.94437916
2023,328,1790,2118,345,1690,2035,15.48630784,16.95331695
2024,354,2283,2637,288,1610,1898,13.42434585,15.17386723
2025,304,1993,2297,361,1442,1803,13.2346539,20.02218525
