Disposition Year,Private Attorney Incarceration,Private Attorney No Incarceration,Private Attorney Total Cases,Public Defender Incarceration,Public Defender No Incarceration,Public Defender Total Cases,Percent of cases with a private attorney incarcerated,Percent of cases with a public defender incarcerated
2020,215,98,313,370,107,477,68.69009585,77.56813417
2021,231,109,340,344,147,491,67.94117647,70.0610998
2022,236,122,358,350,116,466,65.92178771,75.10729614
2023,209,106,315,324,173,497,66.34920635,65.19114688
2024,226,107,333,321,213,534,67.86786787,60.11235955
2025,175,111,286,319,204,523,61.18881119,60.99426386
