Disposition Year,Private Attorney Incarceration,Private Attorney No Incarceration,Private Attorney Total Cases,Public Defender Incarceration,Public Defender No Incarceration,Public Defender Total Cases,Percent of cases with a private attorney incarcerated,Percent of cases with a public defender incarcerated
2020,215,98,313,370,107,477,68.69009585,77.56813417
2021,231,109,340,343,147,490,67.94117647,70.0
2022,235,122,357,348,116,464,65.82633053,75.0
2023,208,105,313,323,173,496,66.45367412,65.12096774
2024,226,107,333,321,213,534,67.86786787,60.11235955
2025,174,112,286,319,202,521,60.83916084,61.22840691
