Filing Year,White Victim,NonWhite Victim,Total,Percent involving a white victim,Percent involving a non-white victim
2020,54,91,150,36.0,60.66666667
2021,45,110,160,28.125,68.75
2022,34,93,130,26.15384615,71.53846154
2023,52,87,141,36.87943262,61.70212766
2024,44,85,131,33.58778626,64.88549618
2025,39,94,135,28.88888889,69.62962963
